MATRICULA,CATEGORIA,LABORATÓRIO,DATA,Dia_Semana,HORÁRIO
UC24101348,DESENVOLVEDOR,M107,17/10/2024,quinta-feira,14:00 - 15:00
UC23200682,DESENVOLVEDOR,M107,17/10/2024,quinta-feira,14:00 - 15:00
UC24100429,DESENVOLVEDOR,M107,17/10/2024,quinta-feira,14:00 - 15:00
UC24100576,DESENVOLVEDOR,M107,17/10/2024,quinta-feira,14:00 - 15:00
UC24103066,DESENVOLVEDOR,M107,17/10/2024,quinta-feira,14:00 - 15:00
UC23200247,DESENVOLVEDOR,M107,17/10/2024,quinta-feira,14:00 - 15:00
UC24102250,DESENVOLVEDOR,M107,17/10/2024,quinta-feira,14:00 - 15:00
UC24200939,DESENVOLVEDOR,M107,17/10/2024,quinta-feira,14:00 - 15:00
UC24200490,DESENVOLVEDOR,M107,17/10/2024,quinta-feira,14:00 - 15:00
UC23101403,DESENVOLVEDOR,M107,17/10/2024,quinta-feira,14:00 - 15:00
UC24202877,DESENVOLVEDOR,M107,17/10/2024,quinta-feira,14:00 - 15:00
UC23101519,DESENVOLVEDOR,M107,17/10/2024,quinta-feira,14:00 - 15:00
UC21100992,DESENVOLVEDOR,M107,17/10/2024,quinta-feira,14:00 - 15:00
UC24100588,DESENVOLVEDOR,M107,17/10/2024,quinta-feira,14:00 - 15:00
UC24200528,DESENVOLVEDOR,M107,17/10/2024,quinta-feira,14:00 - 15:00
UC21103945,DESENVOLVEDOR,M107,17/10/2024,quinta-feira,14:00 - 15:00
UC24100375,DESENVOLVEDOR,M107,17/10/2024,quinta-feira,14:00 - 15:00
UC23423817,DESENVOLVEDOR,M107,17/10/2024,quinta-feira,14:00 - 15:00
UC24101748,DESENVOLVEDOR,M107,17/10/2024,quinta-feira,14:00 - 15:00
UC23100166,DESENVOLVEDOR,M107,17/10/2024,quinta-feira,14:00 - 15:00
UC24102026,DESENVOLVEDOR,M107,17/10/2024,quinta-feira,14:00 - 15:00
UC24201488,DESENVOLVEDOR,M107,17/10/2024,quinta-feira,14:00 - 15:00
UC24101056,DESENVOLVEDOR,M107,17/10/2024,quinta-feira,14:00 - 15:00
UC24102975,DESENVOLVEDOR,M107,17/10/2024,quinta-feira,14:00 - 15:00
UC24102564,DESENVOLVEDOR,M107,17/10/2024,quinta-feira,14:00 - 15:00
2010024024,DESENVOLVEDOR,M107,17/10/2024,quinta-feira,14:00 - 15:00
UC23100039,DESENVOLVEDOR,M107,17/10/2024,quinta-feira,14:00 - 15:00
UC24102983,DESENVOLVEDOR,M107,17/10/2024,quinta-feira,14:00 - 15:00
UC24101888,DESENVOLVEDOR,M107,17/10/2024,quinta-feira,14:00 - 15:00
UC23200232,DESENVOLVEDOR,M107,17/10/2024,quinta-feira,14:00 - 15:00
UC24101533,DESENVOLVEDOR,M107,17/10/2024,quinta-feira,14:00 - 15:00
UC22201192,DESENVOLVEDOR,M107,17/10/2024,quinta-feira,14:00 - 15:00
UC23102997,DESENVOLVEDOR,M107,17/10/2024,quinta-feira,14:00 - 15:00
UC24100024,DESENVOLVEDOR,M107,17/10/2024,quinta-feira,14:00 - 15:00
UC23100057,DESENVOLVEDOR,M107,17/10/2024,quinta-feira,14:00 - 15:00
UC24200845,DESENVOLVEDOR,M107,17/10/2024,quinta-feira,14:00 - 15:00
UC24202689,DESENVOLVEDOR,M107,17/10/2024,quinta-feira,14:00 - 15:00
UC24101513,DESENVOLVEDOR,M107,17/10/2024,quinta-feira,14:00 - 15:00
UC23100121,DESENVOLVEDOR,M107,17/10/2024,quinta-feira,14:00 - 15:00
UC24100868,DESENVOLVEDOR,M107,17/10/2024,quinta-feira,14:00 - 15:00
UC24201267,DESENVOLVEDOR,M107,17/10/2024,quinta-feira,14:00 - 15:00
UC24101829,DESENVOLVEDOR,M107,17/10/2024,quinta-feira,14:00 - 15:00
UC24101874,DESENVOLVEDOR,M107,17/10/2024,quinta-feira,14:00 - 15:00
UC24102553,DESENVOLVEDOR,M107,17/10/2024,quinta-feira,14:00 - 15:00
UC24102375,DESENVOLVEDOR,M107,17/10/2024,quinta-feira,14:00 - 15:00
UC23425469,DESENVOLVEDOR,M107,17/10/2024,quinta-feira,14:00 - 15:00
UC24101536,DESENVOLVEDOR,M107,17/10/2024,quinta-feira,14:00 - 15:00
UC24202632,DESENVOLVEDOR,M107,17/10/2024,quinta-feira,14:00 - 15:00
UC24201503,DESENVOLVEDOR,M107,17/10/2024,quinta-feira,14:00 - 15:00
UC23103150,DESENVOLVEDOR,M107,17/10/2024,quinta-feira,14:00 - 15:00
UC24201008,DESENVOLVEDOR,M108,17/10/2024,quinta-feira,14:00 - 15:00
UC23100362,DESENVOLVEDOR,M108,17/10/2024,quinta-feira,14:00 - 15:00
UC24102955,DESENVOLVEDOR,M108,17/10/2024,quinta-feira,14:00 - 15:00
UC24102706,DESENVOLVEDOR,M108,17/10/2024,quinta-feira,14:00 - 15:00
UC24100299,DESENVOLVEDOR,M108,17/10/2024,quinta-feira,14:00 - 15:00
UC24101777,DESENVOLVEDOR,M108,17/10/2024,quinta-feira,14:00 - 15:00
UC24103216,DESENVOLVEDOR,M108,17/10/2024,quinta-feira,14:00 - 15:00
UC24423346,DESENVOLVEDOR,M108,17/10/2024,quinta-feira,14:00 - 15:00
UC22200807,DESENVOLVEDOR,M108,17/10/2024,quinta-feira,14:00 - 15:00
UC23101009,DESENVOLVEDOR,M108,17/10/2024,quinta-feira,14:00 - 15:00
UC24200424,DESENVOLVEDOR,M108,17/10/2024,quinta-feira,14:00 - 15:00
UC24200377,DESENVOLVEDOR,M108,17/10/2024,quinta-feira,14:00 - 15:00
UC22101468,DESENVOLVEDOR,M108,17/10/2024,quinta-feira,14:00 - 15:00
UC24101132,DESENVOLVEDOR,M108,17/10/2024,quinta-feira,14:00 - 15:00
UC24200735,DESENVOLVEDOR,M108,17/10/2024,quinta-feira,14:00 - 15:00
UC23100089,DESENVOLVEDOR,M108,17/10/2024,quinta-feira,14:00 - 15:00
UC23102347,DESENVOLVEDOR,M108,17/10/2024,quinta-feira,14:00 - 15:00
UC24101651,DESENVOLVEDOR,M108,17/10/2024,quinta-feira,14:00 - 15:00
UC24101142,DESENVOLVEDOR,M108,17/10/2024,quinta-feira,14:00 - 15:00
UC24200432,DESENVOLVEDOR,M108,17/10/2024,quinta-feira,14:00 - 15:00
UC24101666,DESENVOLVEDOR,M108,17/10/2024,quinta-feira,14:00 - 15:00
UC23100894,DESENVOLVEDOR,M108,17/10/2024,quinta-feira,14:00 - 15:00
UC24200257,DESENVOLVEDOR,M108,17/10/2024,quinta-feira,14:00 - 15:00
UC23102367,DESENVOLVEDOR,M108,17/10/2024,quinta-feira,14:00 - 15:00
UC24100067,DESENVOLVEDOR,M108,17/10/2024,quinta-feira,14:00 - 15:00
UC24200924,DESENVOLVEDOR,M108,17/10/2024,quinta-feira,14:00 - 15:00
UC24100173,DESENVOLVEDOR,M108,17/10/2024,quinta-feira,14:00 - 15:00
UC24101492,DESENVOLVEDOR,M108,17/10/2024,quinta-feira,14:00 - 15:00
UC24201376,DESENVOLVEDOR,M108,17/10/2024,quinta-feira,14:00 - 15:00
UC24101412,DESENVOLVEDOR,M108,17/10/2024,quinta-feira,14:00 - 15:00
UC24202745,DESENVOLVEDOR,M108,17/10/2024,quinta-feira,14:00 - 15:00
UC24201282,DESENVOLVEDOR,M108,17/10/2024,quinta-feira,14:00 - 15:00
UC23103050,DESENVOLVEDOR,M108,17/10/2024,quinta-feira,14:00 - 15:00
UC22200177,DESENVOLVEDOR,M108,17/10/2024,quinta-feira,14:00 - 15:00
UC23101356,DESENVOLVEDOR,M108,17/10/2024,quinta-feira,14:00 - 15:00
UC23103129,DESENVOLVEDOR,M108,17/10/2024,quinta-feira,14:00 - 15:00
UC24200601,DESENVOLVEDOR,M108,17/10/2024,quinta-feira,14:00 - 15:00
UC22100638,DESENVOLVEDOR,M108,17/10/2024,quinta-feira,14:00 - 15:00
UC23101210,DESENVOLVEDOR,M108,17/10/2024,quinta-feira,14:00 - 15:00
UC22200526,DESENVOLVEDOR,M108,17/10/2024,quinta-feira,14:00 - 15:00
UC24100103,DESENVOLVEDOR,M109,17/10/2024,quinta-feira,14:00 - 15:00
UC23200287,DESENVOLVEDOR,M109,17/10/2024,quinta-feira,14:00 - 15:00
UC22101356,DESENVOLVEDOR,M109,17/10/2024,quinta-feira,14:00 - 15:00
UC22420923,DESENVOLVEDOR,M109,17/10/2024,quinta-feira,14:00 - 15:00
UC24101929,DESENVOLVEDOR,M109,17/10/2024,quinta-feira,14:00 - 15:00
UC24101173,DESENVOLVEDOR,M109,17/10/2024,quinta-feira,14:00 - 15:00
UC22200020,DESENVOLVEDOR,M109,17/10/2024,quinta-feira,14:00 - 15:00
UC23101272,DESENVOLVEDOR,M109,17/10/2024,quinta-feira,14:00 - 15:00
UC24101036,DESENVOLVEDOR,M109,17/10/2024,quinta-feira,14:00 - 15:00
UC24201897,DESENVOLVEDOR,M109,17/10/2024,quinta-feira,14:00 - 15:00
UC24200195,DESENVOLVEDOR,M109,17/10/2024,quinta-feira,14:00 - 15:00
UC22200947,DESENVOLVEDOR,M109,17/10/2024,quinta-feira,14:00 - 15:00
UC22200844,DESENVOLVEDOR,M109,17/10/2024,quinta-feira,14:00 - 15:00
UC24100758,DESENVOLVEDOR,M109,17/10/2024,quinta-feira,14:00 - 15:00
UC24101794,DESENVOLVEDOR,M109,17/10/2024,quinta-feira,14:00 - 15:00
UC24201516,DESENVOLVEDOR,M109,17/10/2024,quinta-feira,14:00 - 15:00
UC24200146,DESENVOLVEDOR,M109,17/10/2024,quinta-feira,14:00 - 15:00
UC23102765,DESENVOLVEDOR,M109,17/10/2024,quinta-feira,14:00 - 15:00
UC24101662,DESENVOLVEDOR,M109,17/10/2024,quinta-feira,14:00 - 15:00
UC24200012,DESENVOLVEDOR,M109,17/10/2024,quinta-feira,14:00 - 15:00
UC24101689,DESENVOLVEDOR,M109,17/10/2024,quinta-feira,14:00 - 15:00
UC23200802,DESENVOLVEDOR,M109,17/10/2024,quinta-feira,14:00 - 15:00
UC23200700,DESENVOLVEDOR,M109,17/10/2024,quinta-feira,14:00 - 15:00
UC24101840,DESENVOLVEDOR,M109,17/10/2024,quinta-feira,14:00 - 15:00
UC24101687,DESENVOLVEDOR,M109,17/10/2024,quinta-feira,14:00 - 15:00
UC24102779,DESENVOLVEDOR,M109,17/10/2024,quinta-feira,14:00 - 15:00
UC22100876,DESENVOLVEDOR,M109,17/10/2024,quinta-feira,14:00 - 15:00
UC24101862,DESENVOLVEDOR,M109,17/10/2024,quinta-feira,14:00 - 15:00
UC23102462,DESENVOLVEDOR,M109,17/10/2024,quinta-feira,14:00 - 15:00
UC24102951,DESENVOLVEDOR,M109,17/10/2024,quinta-feira,14:00 - 15:00
UC23100767,DESENVOLVEDOR,M109,17/10/2024,quinta-feira,14:00 - 15:00
UC24102030,DESENVOLVEDOR,M109,17/10/2024,quinta-feira,14:00 - 15:00
UC23200984,DESENVOLVEDOR,M109,17/10/2024,quinta-feira,14:00 - 15:00
UC24201364,DESENVOLVEDOR,M109,17/10/2024,quinta-feira,14:00 - 15:00
UC23100132,DESENVOLVEDOR,M109,17/10/2024,quinta-feira,14:00 - 15:00
UC23102478,DESENVOLVEDOR,M109,17/10/2024,quinta-feira,14:00 - 15:00
UC19427310,DESENVOLVEDOR,M109,17/10/2024,quinta-feira,14:00 - 15:00
UC24102802,DESENVOLVEDOR,M109,17/10/2024,quinta-feira,14:00 - 15:00
UC24101404,DESENVOLVEDOR,M109,17/10/2024,quinta-feira,14:00 - 15:00
UC23101763,DESENVOLVEDOR,M109,17/10/2024,quinta-feira,14:00 - 15:00
UC24200054,DESENVOLVEDOR,M109,17/10/2024,quinta-feira,14:00 - 15:00
UC24102959,DESENVOLVEDOR,M109,17/10/2024,quinta-feira,14:00 - 15:00
UC24103006,DESENVOLVEDOR,M109,17/10/2024,quinta-feira,14:00 - 15:00
UC24100421,DESENVOLVEDOR,M109,17/10/2024,quinta-feira,14:00 - 15:00
UC23101005,DESENVOLVEDOR,M109,17/10/2024,quinta-feira,14:00 - 15:00
UC23100081,DESENVOLVEDOR,M109,17/10/2024,quinta-feira,14:00 - 15:00
UC24200196,DESENVOLVEDOR,M109,17/10/2024,quinta-feira,14:00 - 15:00
UC24102493,DESENVOLVEDOR,M109,17/10/2024,quinta-feira,14:00 - 15:00
UC24100355,DESENVOLVEDOR,M109,17/10/2024,quinta-feira,14:00 - 15:00
UC24102387,DESENVOLVEDOR,M109,17/10/2024,quinta-feira,14:00 - 15:00
UC24201360,DESENVOLVEDOR,M109,17/10/2024,quinta-feira,14:00 - 15:00
UC23200792,DESENVOLVEDOR,M109,17/10/2024,quinta-feira,14:00 - 15:00
UC22201300,DESENVOLVEDOR,M109,17/10/2024,quinta-feira,14:00 - 15:00
UC24102803,DESENVOLVEDOR,M109,17/10/2024,quinta-feira,14:00 - 15:00
UC23100821,DESENVOLVEDOR,M109,17/10/2024,quinta-feira,14:00 - 15:00
UC24102246,DESENVOLVEDOR,M109,17/10/2024,quinta-feira,14:00 - 15:00
UC24100311,DESENVOLVEDOR,M109,17/10/2024,quinta-feira,14:00 - 15:00
UC23200309,DESENVOLVEDOR,M109,17/10/2024,quinta-feira,14:00 - 15:00
UC22420160,DESENVOLVEDOR,M109,17/10/2024,quinta-feira,14:00 - 15:00
UC23100046,DESENVOLVEDOR,M109,17/10/2024,quinta-feira,14:00 - 15:00
UC23420391,DESENVOLVEDOR,M111,17/10/2024,quinta-feira,14:00 - 15:00
UC24102563,DESENVOLVEDOR,M111,17/10/2024,quinta-feira,14:00 - 15:00
UC23200467,DESENVOLVEDOR,M111,17/10/2024,quinta-feira,14:00 - 15:00
UC24101969,DESENVOLVEDOR,M111,17/10/2024,quinta-feira,14:00 - 15:00
UC24100502,DESENVOLVEDOR,M111,17/10/2024,quinta-feira,14:00 - 15:00
UC24200265,DESENVOLVEDOR,M111,17/10/2024,quinta-feira,14:00 - 15:00
UC22100642,DESENVOLVEDOR,M111,17/10/2024,quinta-feira,14:00 - 15:00
UC23101422,DESENVOLVEDOR,M111,17/10/2024,quinta-feira,14:00 - 15:00
UC23102304,DESENVOLVEDOR,M111,17/10/2024,quinta-feira,14:00 - 15:00
UC24201029,DESENVOLVEDOR,M111,17/10/2024,quinta-feira,14:00 - 15:00
UC22102451,DESENVOLVEDOR,M111,17/10/2024,quinta-feira,14:00 - 15:00
UC24200006,DESENVOLVEDOR,M111,17/10/2024,quinta-feira,14:00 - 15:00
UC23101522,DESENVOLVEDOR,M111,17/10/2024,quinta-feira,14:00 - 15:00
UC24102974,DESENVOLVEDOR,M111,17/10/2024,quinta-feira,14:00 - 15:00
UC24102416,DESENVOLVEDOR,M111,17/10/2024,quinta-feira,14:00 - 15:00
UC23101535,DESENVOLVEDOR,M111,17/10/2024,quinta-feira,14:00 - 15:00
UC24100579,DESENVOLVEDOR,M111,17/10/2024,quinta-feira,14:00 - 15:00
UC24102949,DESENVOLVEDOR,M111,17/10/2024,quinta-feira,14:00 - 15:00
UC24103297,DESENVOLVEDOR,M111,17/10/2024,quinta-feira,14:00 - 15:00
UC24102582,DESENVOLVEDOR,M111,17/10/2024,quinta-feira,14:00 - 15:00
UC24201155,DESENVOLVEDOR,M111,17/10/2024,quinta-feira,14:00 - 15:00
UC24102774,DESENVOLVEDOR,M111,17/10/2024,quinta-feira,14:00 - 15:00
UC24103069,DESENVOLVEDOR,M111,17/10/2024,quinta-feira,14:00 - 15:00
UC23100714,DESENVOLVEDOR,M111,17/10/2024,quinta-feira,14:00 - 15:00
UC24200010,DESENVOLVEDOR,M111,17/10/2024,quinta-feira,14:00 - 15:00
UC24201127,DESENVOLVEDOR,M111,17/10/2024,quinta-feira,14:00 - 15:00
UC23101331,DESENVOLVEDOR,M111,17/10/2024,quinta-feira,14:00 - 15:00
UC24102297,DESENVOLVEDOR,M111,17/10/2024,quinta-feira,14:00 - 15:00
UC24101040,DESENVOLVEDOR,M111,17/10/2024,quinta-feira,14:00 - 15:00
UC23200011,DESENVOLVEDOR,M111,17/10/2024,quinta-feira,14:00 - 15:00
UC24101503,DESENVOLVEDOR,M111,17/10/2024,quinta-feira,14:00 - 15:00
UC24101568,DESENVOLVEDOR,M111,17/10/2024,quinta-feira,14:00 - 15:00
UC24200502,DESENVOLVEDOR,M111,17/10/2024,quinta-feira,14:00 - 15:00
UC24100055,DESENVOLVEDOR,M111,17/10/2024,quinta-feira,14:00 - 15:00
UC24102797,DESENVOLVEDOR,M111,17/10/2024,quinta-feira,14:00 - 15:00
UC24202720,DESENVOLVEDOR,M111,17/10/2024,quinta-feira,14:00 - 15:00
UC24100956,DESENVOLVEDOR,M111,17/10/2024,quinta-feira,14:00 - 15:00
UC24101871,DESENVOLVEDOR,M111,17/10/2024,quinta-feira,14:00 - 15:00
UC23103065,DESENVOLVEDOR,M111,17/10/2024,quinta-feira,14:00 - 15:00
UC24100899,DESENVOLVEDOR,M111,17/10/2024,quinta-feira,14:00 - 15:00
UC22201204,DESENVOLVEDOR,M111,17/10/2024,quinta-feira,14:00 - 15:00
UC24101396,DESENVOLVEDOR,M111,17/10/2024,quinta-feira,14:00 - 15:00
UC24100294,DESENVOLVEDOR,M111,17/10/2024,quinta-feira,14:00 - 15:00
UC24102963,DESENVOLVEDOR,M111,17/10/2024,quinta-feira,14:00 - 15:00
UC23101905,DESENVOLVEDOR,M111,17/10/2024,quinta-feira,14:00 - 15:00
UC24201563,DESENVOLVEDOR,M113,17/10/2024,quinta-feira,14:00 - 15:00
UC24103270,DESENVOLVEDOR,M113,17/10/2024,quinta-feira,14:00 - 15:00
UC24101386,DESENVOLVEDOR,M113,17/10/2024,quinta-feira,14:00 - 15:00
UC23100834,DESENVOLVEDOR,M113,17/10/2024,quinta-feira,14:00 - 15:00
UC24101076,DESENVOLVEDOR,M113,17/10/2024,quinta-feira,14:00 - 15:00
UC24101069,DESENVOLVEDOR,M113,17/10/2024,quinta-feira,14:00 - 15:00
UC24100873,DESENVOLVEDOR,M113,17/10/2024,quinta-feira,14:00 - 15:00
UC24101877,DESENVOLVEDOR,M113,17/10/2024,quinta-feira,14:00 - 15:00
UC23102346,DESENVOLVEDOR,M113,17/10/2024,quinta-feira,14:00 - 15:00
UC24102343,DESENVOLVEDOR,M113,17/10/2024,quinta-feira,14:00 - 15:00
UC24100132,DESENVOLVEDOR,M113,17/10/2024,quinta-feira,14:00 - 15:00
UC23101444,DESENVOLVEDOR,M113,17/10/2024,quinta-feira,14:00 - 15:00
UC22100698,DESENVOLVEDOR,M113,17/10/2024,quinta-feira,14:00 - 15:00
UC24201313,DESENVOLVEDOR,M113,17/10/2024,quinta-feira,14:00 - 15:00
UC24100115,DESENVOLVEDOR,M113,17/10/2024,quinta-feira,14:00 - 15:00
UC24102982,DESENVOLVEDOR,M113,17/10/2024,quinta-feira,14:00 - 15:00
UC22101937,DESENVOLVEDOR,M113,17/10/2024,quinta-feira,14:00 - 15:00
UC24102272,DESENVOLVEDOR,M113,17/10/2024,quinta-feira,14:00 - 15:00
UC24100997,DESENVOLVEDOR,M113,17/10/2024,quinta-feira,14:00 - 15:00
UC22200567,DESENVOLVEDOR,M113,17/10/2024,quinta-feira,14:00 - 15:00
UC24101511,DESENVOLVEDOR,M113,17/10/2024,quinta-feira,14:00 - 15:00
UC23200354,DESENVOLVEDOR,M113,17/10/2024,quinta-feira,14:00 - 15:00
UC24100904,DESENVOLVEDOR,M113,17/10/2024,quinta-feira,14:00 - 15:00
UC24101090,DESENVOLVEDOR,M113,17/10/2024,quinta-feira,14:00 - 15:00
UC24100326,DESENVOLVEDOR,M113,17/10/2024,quinta-feira,14:00 - 15:00
UC24101512,DESENVOLVEDOR,M113,17/10/2024,quinta-feira,14:00 - 15:00
UC24101648,DESENVOLVEDOR,M113,17/10/2024,quinta-feira,14:00 - 15:00
UC23100545,DESENVOLVEDOR,M113,17/10/2024,quinta-feira,14:00 - 15:00
UC23200816,DESENVOLVEDOR,M113,17/10/2024,quinta-feira,14:00 - 15:00
UC24201551,DESENVOLVEDOR,M113,17/10/2024,quinta-feira,14:00 - 15:00
UC22100365,DESENVOLVEDOR,M113,17/10/2024,quinta-feira,14:00 - 15:00
UC24202863,DESENVOLVEDOR,M113,17/10/2024,quinta-feira,14:00 - 15:00
UC23200398,DESENVOLVEDOR,M113,17/10/2024,quinta-feira,14:00 - 15:00
UC23101420,DESENVOLVEDOR,M113,17/10/2024,quinta-feira,14:00 - 15:00
UC24200418,DESENVOLVEDOR,M113,17/10/2024,quinta-feira,14:00 - 15:00
UC24103449,DESENVOLVEDOR,M113,17/10/2024,quinta-feira,14:00 - 15:00
UC24200331,DESENVOLVEDOR,M113,17/10/2024,quinta-feira,14:00 - 15:00
UC24101447,DESENVOLVEDOR,M113,17/10/2024,quinta-feira,14:00 - 15:00
UC23100710,DESENVOLVEDOR,M113,17/10/2024,quinta-feira,14:00 - 15:00
UC24100425,DESENVOLVEDOR,M113,17/10/2024,quinta-feira,14:00 - 15:00
UC23200800,DESENVOLVEDOR,M113,17/10/2024,quinta-feira,14:00 - 15:00
UC24101730,DESENVOLVEDOR,M113,17/10/2024,quinta-feira,14:00 - 15:00
UC23100546,DESENVOLVEDOR,M113,17/10/2024,quinta-feira,14:00 - 15:00
UC23200149,DESENVOLVEDOR,M113,17/10/2024,quinta-feira,14:00 - 15:00
UC24101201,DESENVOLVEDOR,M113,17/10/2024,quinta-feira,14:00 - 15:00
UC23101661,DESENVOLVEDOR,M114,17/10/2024,quinta-feira,14:00 - 15:00
UC23100253,DESENVOLVEDOR,M114,17/10/2024,quinta-feira,14:00 - 15:00
UC24101584,DESENVOLVEDOR,M114,17/10/2024,quinta-feira,14:00 - 15:00
UC23200423,DESENVOLVEDOR,M114,17/10/2024,quinta-feira,14:00 - 15:00
UC23100623,DESENVOLVEDOR,M114,17/10/2024,quinta-feira,14:00 - 15:00
UC24102099,DESENVOLVEDOR,M114,17/10/2024,quinta-feira,14:00 - 15:00
UC23102380,DESENVOLVEDOR,M114,17/10/2024,quinta-feira,14:00 - 15:00
UC23101914,DESENVOLVEDOR,M114,17/10/2024,quinta-feira,14:00 - 15:00
UC23102760,DESENVOLVEDOR,M114,17/10/2024,quinta-feira,14:00 - 15:00
UC24101057,DESENVOLVEDOR,M114,17/10/2024,quinta-feira,14:00 - 15:00
UC24100768,DESENVOLVEDOR,M114,17/10/2024,quinta-feira,14:00 - 15:00
UC24101636,DESENVOLVEDOR,M114,17/10/2024,quinta-feira,14:00 - 15:00
UC22200104,DESENVOLVEDOR,M114,17/10/2024,quinta-feira,14:00 - 15:00
UC23102795,DESENVOLVEDOR,M114,17/10/2024,quinta-feira,14:00 - 15:00
UC22102659,DESENVOLVEDOR,M114,17/10/2024,quinta-feira,14:00 - 15:00
UC24103113,DESENVOLVEDOR,M114,17/10/2024,quinta-feira,14:00 - 15:00
UC24200806,DESENVOLVEDOR,M114,17/10/2024,quinta-feira,14:00 - 15:00
UC24101897,DESENVOLVEDOR,M114,17/10/2024,quinta-feira,14:00 - 15:00
UC24100749,DESENVOLVEDOR,M114,17/10/2024,quinta-feira,14:00 - 15:00
UC23101146,DESENVOLVEDOR,M114,17/10/2024,quinta-feira,14:00 - 15:00
UC24103381,DESENVOLVEDOR,M114,17/10/2024,quinta-feira,14:00 - 15:00
UC24102045,DESENVOLVEDOR,M114,17/10/2024,quinta-feira,14:00 - 15:00
UC23200489,DESENVOLVEDOR,M114,17/10/2024,quinta-feira,14:00 - 15:00
UC24103016,DESENVOLVEDOR,M114,17/10/2024,quinta-feira,14:00 - 15:00
UC24102679,DESENVOLVEDOR,M114,17/10/2024,quinta-feira,14:00 - 15:00
UC24102229,DESENVOLVEDOR,M114,17/10/2024,quinta-feira,14:00 - 15:00
UC23101484,DESENVOLVEDOR,M114,17/10/2024,quinta-feira,14:00 - 15:00
UC24103387,DESENVOLVEDOR,M114,17/10/2024,quinta-feira,14:00 - 15:00
UC22102365,DESENVOLVEDOR,M114,17/10/2024,quinta-feira,14:00 - 15:00
UC23101530,DESENVOLVEDOR,M114,17/10/2024,quinta-feira,14:00 - 15:00
UC24100996,DESENVOLVEDOR,M114,17/10/2024,quinta-feira,14:00 - 15:00
UC24101499,DESENVOLVEDOR,M114,17/10/2024,quinta-feira,14:00 - 15:00
UC24201758,DESENVOLVEDOR,M114,17/10/2024,quinta-feira,14:00 - 15:00
UC24100503,DESENVOLVEDOR,M114,17/10/2024,quinta-feira,14:00 - 15:00
UC22101238,DESENVOLVEDOR,M114,17/10/2024,quinta-feira,14:00 - 15:00
UC24101313,DESENVOLVEDOR,M114,17/10/2024,quinta-feira,14:00 - 15:00
UC24200337,DESENVOLVEDOR,M114,17/10/2024,quinta-feira,14:00 - 15:00
UC24102906,DESENVOLVEDOR,M114,17/10/2024,quinta-feira,14:00 - 15:00
UC24102961,DESENVOLVEDOR,M114,17/10/2024,quinta-feira,14:00 - 15:00
UC23200240,DESENVOLVEDOR,M114,17/10/2024,quinta-feira,14:00 - 15:00
UC24100852,DESENVOLVEDOR,M107,17/10/2024,quinta-feira,16:15 - 17:15
UC23102713,DESENVOLVEDOR,M107,17/10/2024,quinta-feira,16:15 - 17:15
UC23200432,DESENVOLVEDOR,M107,17/10/2024,quinta-feira,16:15 - 17:15
UC24200472,DESENVOLVEDOR,M107,17/10/2024,quinta-feira,16:15 - 17:15
UC24202721,DESENVOLVEDOR,M107,17/10/2024,quinta-feira,16:15 - 17:15
UC24202165,DESENVOLVEDOR,M107,17/10/2024,quinta-feira,16:15 - 17:15
UC23100461,DESENVOLVEDOR,M107,17/10/2024,quinta-feira,16:15 - 17:15
UC24100414,DESENVOLVEDOR,M107,17/10/2024,quinta-feira,16:15 - 17:15
UC24100699,DESENVOLVEDOR,M107,17/10/2024,quinta-feira,16:15 - 17:15
UC24101439,DESENVOLVEDOR,M107,17/10/2024,quinta-feira,16:15 - 17:15
UC22101878,DESENVOLVEDOR,M107,17/10/2024,quinta-feira,16:15 - 17:15
UC24100509,DESENVOLVEDOR,M107,17/10/2024,quinta-feira,16:15 - 17:15
UC24200701,DESENVOLVEDOR,M107,17/10/2024,quinta-feira,16:15 - 17:15
UC24200953,DESENVOLVEDOR,M107,17/10/2024,quinta-feira,16:15 - 17:15
UC24101355,DESENVOLVEDOR,M107,17/10/2024,quinta-feira,16:15 - 17:15
UC24103379,DESENVOLVEDOR,M107,17/10/2024,quinta-feira,16:15 - 17:15
UC24200366,DESENVOLVEDOR,M107,17/10/2024,quinta-feira,16:15 - 17:15
UC24423571,DESENVOLVEDOR,M107,17/10/2024,quinta-feira,16:15 - 17:15
UC24101868,DESENVOLVEDOR,M107,17/10/2024,quinta-feira,16:15 - 17:15
UC24200466,DESENVOLVEDOR,M107,17/10/2024,quinta-feira,16:15 - 17:15
UC22200841,DESENVOLVEDOR,M107,17/10/2024,quinta-feira,16:15 - 17:15
UC24200070,DESENVOLVEDOR,M107,17/10/2024,quinta-feira,16:15 - 17:15
UC24102965,DESENVOLVEDOR,M107,17/10/2024,quinta-feira,16:15 - 17:15
UC23100547,DESENVOLVEDOR,M107,17/10/2024,quinta-feira,16:15 - 17:15
UC23101904,DESENVOLVEDOR,M107,17/10/2024,quinta-feira,16:15 - 17:15
UC23102052,DESENVOLVEDOR,M107,17/10/2024,quinta-feira,16:15 - 17:15
UC23200424,DESENVOLVEDOR,M107,17/10/2024,quinta-feira,16:15 - 17:15
UC24423387,DESENVOLVEDOR,M107,17/10/2024,quinta-feira,16:15 - 17:15
UC23200406,DESENVOLVEDOR,M107,17/10/2024,quinta-feira,16:15 - 17:15
UC24100128,DESENVOLVEDOR,M107,17/10/2024,quinta-feira,16:15 - 17:15
UC24103065,DESENVOLVEDOR,M107,17/10/2024,quinta-feira,16:15 - 17:15
UC24423200,DESENVOLVEDOR,M107,17/10/2024,quinta-feira,16:15 - 17:15
UC24101385,DESENVOLVEDOR,M107,17/10/2024,quinta-feira,16:15 - 17:15
UC22200704,DESENVOLVEDOR,M107,17/10/2024,quinta-feira,16:15 - 17:15
UC23200388,DESENVOLVEDOR,M107,17/10/2024,quinta-feira,16:15 - 17:15
UC23200076,DESENVOLVEDOR,M107,17/10/2024,quinta-feira,16:15 - 17:15
UC24200865,DESENVOLVEDOR,M107,17/10/2024,quinta-feira,16:15 - 17:15
UC24101698,DESENVOLVEDOR,M107,17/10/2024,quinta-feira,16:15 - 17:15
UC23100741,DESENVOLVEDOR,M107,17/10/2024,quinta-feira,16:15 - 17:15
UC24101182,DESENVOLVEDOR,M107,17/10/2024,quinta-feira,16:15 - 17:15
UC24101226,DESENVOLVEDOR,M107,17/10/2024,quinta-feira,16:15 - 17:15
UC23102391,DESENVOLVEDOR,M107,17/10/2024,quinta-feira,16:15 - 17:15
2009022138,DESENVOLVEDOR,M107,17/10/2024,quinta-feira,16:15 - 17:15
UC24102838,DESENVOLVEDOR,M107,17/10/2024,quinta-feira,16:15 - 17:15
UC23102820,DESENVOLVEDOR,M107,17/10/2024,quinta-feira,16:15 - 17:15
UC23100016,DESENVOLVEDOR,M107,17/10/2024,quinta-feira,16:15 - 17:15
UC24100498,DESENVOLVEDOR,M107,17/10/2024,quinta-feira,16:15 - 17:15
UC23101309,DESENVOLVEDOR,M107,17/10/2024,quinta-feira,16:15 - 17:15
UC23200137,DESENVOLVEDOR,M107,17/10/2024,quinta-feira,16:15 - 17:15
UC23101602,DESENVOLVEDOR,M107,17/10/2024,quinta-feira,16:15 - 17:15
UC23100608,DESENVOLVEDOR,M108,17/10/2024,quinta-feira,16:15 - 17:15
UC24100058,DESENVOLVEDOR,M108,17/10/2024,quinta-feira,16:15 - 17:15
UC24200197,DESENVOLVEDOR,M108,17/10/2024,quinta-feira,16:15 - 17:15
UC23101227,DESENVOLVEDOR,M108,17/10/2024,quinta-feira,16:15 - 17:15
UC24200687,DESENVOLVEDOR,M108,17/10/2024,quinta-feira,16:15 - 17:15
UC24200226,DESENVOLVEDOR,M108,17/10/2024,quinta-feira,16:15 - 17:15
UC24102523,DESENVOLVEDOR,M108,17/10/2024,quinta-feira,16:15 - 17:15
UC24200965,DESENVOLVEDOR,M108,17/10/2024,quinta-feira,16:15 - 17:15
UC24103485,DESENVOLVEDOR,M108,17/10/2024,quinta-feira,16:15 - 17:15
UC18100400,DESENVOLVEDOR,M108,17/10/2024,quinta-feira,16:15 - 17:15
UC24102042,DESENVOLVEDOR,M108,17/10/2024,quinta-feira,16:15 - 17:15
UC23103118,DESENVOLVEDOR,M108,17/10/2024,quinta-feira,16:15 - 17:15
UC24202512,DESENVOLVEDOR,M108,17/10/2024,quinta-feira,16:15 - 17:15
UC24100506,DESENVOLVEDOR,M108,17/10/2024,quinta-feira,16:15 - 17:15
UC24102111,DESENVOLVEDOR,M108,17/10/2024,quinta-feira,16:15 - 17:15
UC24202785,DESENVOLVEDOR,M108,17/10/2024,quinta-feira,16:15 - 17:15
UC24100942,DESENVOLVEDOR,M108,17/10/2024,quinta-feira,16:15 - 17:15
UC23200743,DESENVOLVEDOR,M108,17/10/2024,quinta-feira,16:15 - 17:15
UC24100718,DESENVOLVEDOR,M108,17/10/2024,quinta-feira,16:15 - 17:15
UC24200793,DESENVOLVEDOR,M108,17/10/2024,quinta-feira,16:15 - 17:15
UC21100381,DESENVOLVEDOR,M108,17/10/2024,quinta-feira,16:15 - 17:15
UC24428807,DESENVOLVEDOR,M108,17/10/2024,quinta-feira,16:15 - 17:15
UC24200880,DESENVOLVEDOR,M108,17/10/2024,quinta-feira,16:15 - 17:15
UC24100444,DESENVOLVEDOR,M108,17/10/2024,quinta-feira,16:15 - 17:15
UC24102739,DESENVOLVEDOR,M108,17/10/2024,quinta-feira,16:15 - 17:15
UC23102826,DESENVOLVEDOR,M108,17/10/2024,quinta-feira,16:15 - 17:15
UC23102260,DESENVOLVEDOR,M108,17/10/2024,quinta-feira,16:15 - 17:15
UC22201199,DESENVOLVEDOR,M108,17/10/2024,quinta-feira,16:15 - 17:15
UC23101442,DESENVOLVEDOR,M108,17/10/2024,quinta-feira,16:15 - 17:15
UC23100186,DESENVOLVEDOR,M108,17/10/2024,quinta-feira,16:15 - 17:15
UC24101545,DESENVOLVEDOR,M108,17/10/2024,quinta-feira,16:15 - 17:15
UC23200119,DESENVOLVEDOR,M108,17/10/2024,quinta-feira,16:15 - 17:15
UC23102892,DESENVOLVEDOR,M108,17/10/2024,quinta-feira,16:15 - 17:15
UC23200253,DESENVOLVEDOR,M108,17/10/2024,quinta-feira,16:15 - 17:15
UC24101107,DESENVOLVEDOR,M108,17/10/2024,quinta-feira,16:15 - 17:15
UC23200215,DESENVOLVEDOR,M108,17/10/2024,quinta-feira,16:15 - 17:15
UC24103386,DESENVOLVEDOR,M108,17/10/2024,quinta-feira,16:15 - 17:15
UC23102190,DESENVOLVEDOR,M108,17/10/2024,quinta-feira,16:15 - 17:15
UC24100501,DESENVOLVEDOR,M108,17/10/2024,quinta-feira,16:15 - 17:15
UC22100838,DESENVOLVEDOR,M108,17/10/2024,quinta-feira,16:15 - 17:15
UC23200715,DESENVOLVEDOR,M109,17/10/2024,quinta-feira,16:15 - 17:15
UC24102071,DESENVOLVEDOR,M109,17/10/2024,quinta-feira,16:15 - 17:15
UC24102826,DESENVOLVEDOR,M109,17/10/2024,quinta-feira,16:15 - 17:15
UC22102449,DESENVOLVEDOR,M109,17/10/2024,quinta-feira,16:15 - 17:15
UC23200887,DESENVOLVEDOR,M109,17/10/2024,quinta-feira,16:15 - 17:15
UC24103042,DESENVOLVEDOR,M109,17/10/2024,quinta-feira,16:15 - 17:15
UC23101546,DESENVOLVEDOR,M109,17/10/2024,quinta-feira,16:15 - 17:15
UC22102979,DESENVOLVEDOR,M109,17/10/2024,quinta-feira,16:15 - 17:15
UC22102704,DESENVOLVEDOR,M109,17/10/2024,quinta-feira,16:15 - 17:15
UC24102684,DESENVOLVEDOR,M109,17/10/2024,quinta-feira,16:15 - 17:15
UC23100133,DESENVOLVEDOR,M109,17/10/2024,quinta-feira,16:15 - 17:15
UC23102297,DESENVOLVEDOR,M109,17/10/2024,quinta-feira,16:15 - 17:15
UC24103367,DESENVOLVEDOR,M109,17/10/2024,quinta-feira,16:15 - 17:15
UC23100470,DESENVOLVEDOR,M109,17/10/2024,quinta-feira,16:15 - 17:15
UC24102712,DESENVOLVEDOR,M109,17/10/2024,quinta-feira,16:15 - 17:15
UC24101433,DESENVOLVEDOR,M109,17/10/2024,quinta-feira,16:15 - 17:15
UC24102573,DESENVOLVEDOR,M109,17/10/2024,quinta-feira,16:15 - 17:15
UC24101958,DESENVOLVEDOR,M109,17/10/2024,quinta-feira,16:15 - 17:15
UC24101061,DESENVOLVEDOR,M109,17/10/2024,quinta-feira,16:15 - 17:15
UC23100791,DESENVOLVEDOR,M109,17/10/2024,quinta-feira,16:15 - 17:15
UC22100461,DESENVOLVEDOR,M109,17/10/2024,quinta-feira,16:15 - 17:15
UC24101281,DESENVOLVEDOR,M109,17/10/2024,quinta-feira,16:15 - 17:15
UC23101012,DESENVOLVEDOR,M109,17/10/2024,quinta-feira,16:15 - 17:15
UC24201139,DESENVOLVEDOR,M109,17/10/2024,quinta-feira,16:15 - 17:15
UC24100684,DESENVOLVEDOR,M109,17/10/2024,quinta-feira,16:15 - 17:15
UC24100481,DESENVOLVEDOR,M109,17/10/2024,quinta-feira,16:15 - 17:15
UC23101873,DESENVOLVEDOR,M109,17/10/2024,quinta-feira,16:15 - 17:15
UC23100875,DESENVOLVEDOR,M109,17/10/2024,quinta-feira,16:15 - 17:15
UC24201636,DESENVOLVEDOR,M109,17/10/2024,quinta-feira,16:15 - 17:15
UC24101540,DESENVOLVEDOR,M109,17/10/2024,quinta-feira,16:15 - 17:15
UC24101407,DESENVOLVEDOR,M109,17/10/2024,quinta-feira,16:15 - 17:15
UC24201078,DESENVOLVEDOR,M109,17/10/2024,quinta-feira,16:15 - 17:15
UC23200541,DESENVOLVEDOR,M109,17/10/2024,quinta-feira,16:15 - 17:15
UC24100334,DESENVOLVEDOR,M109,17/10/2024,quinta-feira,16:15 - 17:15
UC23200204,DESENVOLVEDOR,M109,17/10/2024,quinta-feira,16:15 - 17:15
UC24201444,DESENVOLVEDOR,M109,17/10/2024,quinta-feira,16:15 - 17:15
UC23200704,DESENVOLVEDOR,M109,17/10/2024,quinta-feira,16:15 - 17:15
UC24200719,DESENVOLVEDOR,M109,17/10/2024,quinta-feira,16:15 - 17:15
UC24102701,DESENVOLVEDOR,M109,17/10/2024,quinta-feira,16:15 - 17:15
UC22200038,DESENVOLVEDOR,M109,17/10/2024,quinta-feira,16:15 - 17:15
UC24103572,DESENVOLVEDOR,M109,17/10/2024,quinta-feira,16:15 - 17:15
UC23100686,DESENVOLVEDOR,M109,17/10/2024,quinta-feira,16:15 - 17:15
UC23101559,DESENVOLVEDOR,M109,17/10/2024,quinta-feira,16:15 - 17:15
UC22103108,DESENVOLVEDOR,M109,17/10/2024,quinta-feira,16:15 - 17:15
UC23101893,DESENVOLVEDOR,M109,17/10/2024,quinta-feira,16:15 - 17:15
2010024038,DESENVOLVEDOR,M109,17/10/2024,quinta-feira,16:15 - 17:15
UC23100154,DESENVOLVEDOR,M109,17/10/2024,quinta-feira,16:15 - 17:15
UC24102146,DESENVOLVEDOR,M109,17/10/2024,quinta-feira,16:15 - 17:15
UC23100194,DESENVOLVEDOR,M109,17/10/2024,quinta-feira,16:15 - 17:15
UC24102381,DESENVOLVEDOR,M109,17/10/2024,quinta-feira,16:15 - 17:15
UC23102414,DESENVOLVEDOR,M109,17/10/2024,quinta-feira,16:15 - 17:15
UC24102778,DESENVOLVEDOR,M109,17/10/2024,quinta-feira,16:15 - 17:15
UC23100820,DESENVOLVEDOR,M109,17/10/2024,quinta-feira,16:15 - 17:15
UC24202620,DESENVOLVEDOR,M109,17/10/2024,quinta-feira,16:15 - 17:15
UC24102996,DESENVOLVEDOR,M109,17/10/2024,quinta-feira,16:15 - 17:15
UC24201451,DESENVOLVEDOR,M109,17/10/2024,quinta-feira,16:15 - 17:15
UC23101225,DESENVOLVEDOR,M109,17/10/2024,quinta-feira,16:15 - 17:15
UC22200699,DESENVOLVEDOR,M109,17/10/2024,quinta-feira,16:15 - 17:15
UC24101509,DESENVOLVEDOR,M109,17/10/2024,quinta-feira,16:15 - 17:15
UC24100791,DESENVOLVEDOR,M109,17/10/2024,quinta-feira,16:15 - 17:15
UC24101855,DESENVOLVEDOR,M111,17/10/2024,quinta-feira,16:15 - 17:15
UC23200568,DESENVOLVEDOR,M111,17/10/2024,quinta-feira,16:15 - 17:15
UC19105100,DESENVOLVEDOR,M111,17/10/2024,quinta-feira,16:15 - 17:15
UC24101676,DESENVOLVEDOR,M111,17/10/2024,quinta-feira,16:15 - 17:15
UC24101125,DESENVOLVEDOR,M111,17/10/2024,quinta-feira,16:15 - 17:15
2011000928,DESENVOLVEDOR,M111,17/10/2024,quinta-feira,16:15 - 17:15
UC22103193,DESENVOLVEDOR,M111,17/10/2024,quinta-feira,16:15 - 17:15
UC23100609,DESENVOLVEDOR,M111,17/10/2024,quinta-feira,16:15 - 17:15
UC23100297,DESENVOLVEDOR,M111,17/10/2024,quinta-feira,16:15 - 17:15
UC24200386,DESENVOLVEDOR,M111,17/10/2024,quinta-feira,16:15 - 17:15
UC24101668,DESENVOLVEDOR,M111,17/10/2024,quinta-feira,16:15 - 17:15
UC23100032,DESENVOLVEDOR,M111,17/10/2024,quinta-feira,16:15 - 17:15
UC24201854,DESENVOLVEDOR,M111,17/10/2024,quinta-feira,16:15 - 17:15
UC23200219,DESENVOLVEDOR,M111,17/10/2024,quinta-feira,16:15 - 17:15
UC23200645,DESENVOLVEDOR,M111,17/10/2024,quinta-feira,16:15 - 17:15
UC23100095,DESENVOLVEDOR,M111,17/10/2024,quinta-feira,16:15 - 17:15
UC24101779,DESENVOLVEDOR,M111,17/10/2024,quinta-feira,16:15 - 17:15
UC23100675,DESENVOLVEDOR,M111,17/10/2024,quinta-feira,16:15 - 17:15
UC24100300,DESENVOLVEDOR,M111,17/10/2024,quinta-feira,16:15 - 17:15
UC22201024,DESENVOLVEDOR,M111,17/10/2024,quinta-feira,16:15 - 17:15
UC23201178,DESENVOLVEDOR,M111,17/10/2024,quinta-feira,16:15 - 17:15
UC24102589,DESENVOLVEDOR,M111,17/10/2024,quinta-feira,16:15 - 17:15
UC24102766,DESENVOLVEDOR,M111,17/10/2024,quinta-feira,16:15 - 17:15
UC24102034,DESENVOLVEDOR,M111,17/10/2024,quinta-feira,16:15 - 17:15
UC23100956,DESENVOLVEDOR,M111,17/10/2024,quinta-feira,16:15 - 17:15
UC24201722,DESENVOLVEDOR,M111,17/10/2024,quinta-feira,16:15 - 17:15
UC24421876,DESENVOLVEDOR,M111,17/10/2024,quinta-feira,16:15 - 17:15
UC24102315,DESENVOLVEDOR,M111,17/10/2024,quinta-feira,16:15 - 17:15
UC24200368,DESENVOLVEDOR,M111,17/10/2024,quinta-feira,16:15 - 17:15
UC24102674,DESENVOLVEDOR,M111,17/10/2024,quinta-feira,16:15 - 17:15
UC24100396,DESENVOLVEDOR,M111,17/10/2024,quinta-feira,16:15 - 17:15
UC22200517,DESENVOLVEDOR,M111,17/10/2024,quinta-feira,16:15 - 17:15
UC24202903,DESENVOLVEDOR,M111,17/10/2024,quinta-feira,16:15 - 17:15
UC23200964,DESENVOLVEDOR,M111,17/10/2024,quinta-feira,16:15 - 17:15
UC22103145,DESENVOLVEDOR,M111,17/10/2024,quinta-feira,16:15 - 17:15
UC24202804,DESENVOLVEDOR,M111,17/10/2024,quinta-feira,16:15 - 17:15
UC24102260,DESENVOLVEDOR,M111,17/10/2024,quinta-feira,16:15 - 17:15
UC24102744,DESENVOLVEDOR,M111,17/10/2024,quinta-feira,16:15 - 17:15
UC23102254,DESENVOLVEDOR,M111,17/10/2024,quinta-feira,16:15 - 17:15
UC24102551,DESENVOLVEDOR,M111,17/10/2024,quinta-feira,16:15 - 17:15
UC24201144,DESENVOLVEDOR,M111,17/10/2024,quinta-feira,16:15 - 17:15
UC24101556,DESENVOLVEDOR,M111,17/10/2024,quinta-feira,16:15 - 17:15
UC23103057,DESENVOLVEDOR,M111,17/10/2024,quinta-feira,16:15 - 17:15
UC23103085,DESENVOLVEDOR,M111,17/10/2024,quinta-feira,16:15 - 17:15
UC24101204,DESENVOLVEDOR,M111,17/10/2024,quinta-feira,16:15 - 17:15
UC23101646,DESENVOLVEDOR,M113,17/10/2024,quinta-feira,16:15 - 17:15
UC24200843,DESENVOLVEDOR,M113,17/10/2024,quinta-feira,16:15 - 17:15
UC23102535,DESENVOLVEDOR,M113,17/10/2024,quinta-feira,16:15 - 17:15
UC24202587,DESENVOLVEDOR,M113,17/10/2024,quinta-feira,16:15 - 17:15
UC24202683,DESENVOLVEDOR,M113,17/10/2024,quinta-feira,16:15 - 17:15
UC22200554,DESENVOLVEDOR,M113,17/10/2024,quinta-feira,16:15 - 17:15
UC24101542,DESENVOLVEDOR,M113,17/10/2024,quinta-feira,16:15 - 17:15
UC24101661,DESENVOLVEDOR,M113,17/10/2024,quinta-feira,16:15 - 17:15
UC22100336,DESENVOLVEDOR,M113,17/10/2024,quinta-feira,16:15 - 17:15
UC22201246,DESENVOLVEDOR,M113,17/10/2024,quinta-feira,16:15 - 17:15
UC22424056,DESENVOLVEDOR,M113,17/10/2024,quinta-feira,16:15 - 17:15
UC24200785,DESENVOLVEDOR,M113,17/10/2024,quinta-feira,16:15 - 17:15
UC22101779,DESENVOLVEDOR,M113,17/10/2024,quinta-feira,16:15 - 17:15
UC23102270,DESENVOLVEDOR,M113,17/10/2024,quinta-feira,16:15 - 17:15
UC24200496,DESENVOLVEDOR,M113,17/10/2024,quinta-feira,16:15 - 17:15
UC24102506,DESENVOLVEDOR,M113,17/10/2024,quinta-feira,16:15 - 17:15
UC24101275,DESENVOLVEDOR,M113,17/10/2024,quinta-feira,16:15 - 17:15
UC24102882,DESENVOLVEDOR,M113,17/10/2024,quinta-feira,16:15 - 17:15
UC23100063,DESENVOLVEDOR,M113,17/10/2024,quinta-feira,16:15 - 17:15
UC23200818,DESENVOLVEDOR,M113,17/10/2024,quinta-feira,16:15 - 17:15
UC23200854,DESENVOLVEDOR,M113,17/10/2024,quinta-feira,16:15 - 17:15
UC24102562,DESENVOLVEDOR,M113,17/10/2024,quinta-feira,16:15 - 17:15
UC24200084,DESENVOLVEDOR,M113,17/10/2024,quinta-feira,16:15 - 17:15
UC23100843,DESENVOLVEDOR,M113,17/10/2024,quinta-feira,16:15 - 17:15
UC24100886,DESENVOLVEDOR,M113,17/10/2024,quinta-feira,16:15 - 17:15
UC22200674,DESENVOLVEDOR,M113,17/10/2024,quinta-feira,16:15 - 17:15
UC23200433,DESENVOLVEDOR,M113,17/10/2024,quinta-feira,16:15 - 17:15
UC24101240,DESENVOLVEDOR,M113,17/10/2024,quinta-feira,16:15 - 17:15
UC24102376,DESENVOLVEDOR,M113,17/10/2024,quinta-feira,16:15 - 17:15
UC24425606,DESENVOLVEDOR,M113,17/10/2024,quinta-feira,16:15 - 17:15
UC22201278,DESENVOLVEDOR,M113,17/10/2024,quinta-feira,16:15 - 17:15
UC23101276,DESENVOLVEDOR,M113,17/10/2024,quinta-feira,16:15 - 17:15
UC22101781,DESENVOLVEDOR,M113,17/10/2024,quinta-feira,16:15 - 17:15
UC23200807,DESENVOLVEDOR,M113,17/10/2024,quinta-feira,16:15 - 17:15
UC24200243,DESENVOLVEDOR,M113,17/10/2024,quinta-feira,16:15 - 17:15
UC23101275,DESENVOLVEDOR,M113,17/10/2024,quinta-feira,16:15 - 17:15
UC24202197,DESENVOLVEDOR,M113,17/10/2024,quinta-feira,16:15 - 17:15
UC24102978,DESENVOLVEDOR,M113,17/10/2024,quinta-feira,16:15 - 17:15
UC24102939,DESENVOLVEDOR,M113,17/10/2024,quinta-feira,16:15 - 17:15
UC23102644,DESENVOLVEDOR,M113,17/10/2024,quinta-feira,16:15 - 17:15
UC23200259,DESENVOLVEDOR,M113,17/10/2024,quinta-feira,16:15 - 17:15
UC24101334,DESENVOLVEDOR,M113,17/10/2024,quinta-feira,16:15 - 17:15
UC23200597,DESENVOLVEDOR,M113,17/10/2024,quinta-feira,16:15 - 17:15
UC23102637,DESENVOLVEDOR,M113,17/10/2024,quinta-feira,16:15 - 17:15
UC24100809,DESENVOLVEDOR,M113,17/10/2024,quinta-feira,16:15 - 17:15
UC24200024,DESENVOLVEDOR,M114,17/10/2024,quinta-feira,16:15 - 17:15
UC22103209,DESENVOLVEDOR,M114,17/10/2024,quinta-feira,16:15 - 17:15
UC23101413,DESENVOLVEDOR,M114,17/10/2024,quinta-feira,16:15 - 17:15
UC22103171,DESENVOLVEDOR,M114,17/10/2024,quinta-feira,16:15 - 17:15
UC23200826,DESENVOLVEDOR,M114,17/10/2024,quinta-feira,16:15 - 17:15
UC24101278,DESENVOLVEDOR,M114,17/10/2024,quinta-feira,16:15 - 17:15
UC23101396,DESENVOLVEDOR,M114,17/10/2024,quinta-feira,16:15 - 17:15
UC20102581,DESENVOLVEDOR,M114,17/10/2024,quinta-feira,16:15 - 17:15
UC24100893,DESENVOLVEDOR,M114,17/10/2024,quinta-feira,16:15 - 17:15
UC24200063,DESENVOLVEDOR,M114,17/10/2024,quinta-feira,16:15 - 17:15
UC24102122,DESENVOLVEDOR,M114,17/10/2024,quinta-feira,16:15 - 17:15
UC24101006,DESENVOLVEDOR,M114,17/10/2024,quinta-feira,16:15 - 17:15
UC24102691,DESENVOLVEDOR,M114,17/10/2024,quinta-feira,16:15 - 17:15
UC24201590,DESENVOLVEDOR,M114,17/10/2024,quinta-feira,16:15 - 17:15
UC24100559,DESENVOLVEDOR,M114,17/10/2024,quinta-feira,16:15 - 17:15
UC24100031,DESENVOLVEDOR,M114,17/10/2024,quinta-feira,16:15 - 17:15
UC22100465,DESENVOLVEDOR,M114,17/10/2024,quinta-feira,16:15 - 17:15
UC23101011,DESENVOLVEDOR,M114,17/10/2024,quinta-feira,16:15 - 17:15
UC24201143,DESENVOLVEDOR,M114,17/10/2024,quinta-feira,16:15 - 17:15
UC23100360,DESENVOLVEDOR,M114,17/10/2024,quinta-feira,16:15 - 17:15
UC23101336,DESENVOLVEDOR,M114,17/10/2024,quinta-feira,16:15 - 17:15
UC24101541,DESENVOLVEDOR,M114,17/10/2024,quinta-feira,16:15 - 17:15
UC24101842,DESENVOLVEDOR,M114,17/10/2024,quinta-feira,16:15 - 17:15
UC24103360,DESENVOLVEDOR,M114,17/10/2024,quinta-feira,16:15 - 17:15
UC23101304,DESENVOLVEDOR,M114,17/10/2024,quinta-feira,16:15 - 17:15
UC23100528,DESENVOLVEDOR,M114,17/10/2024,quinta-feira,16:15 - 17:15
UC22102429,DESENVOLVEDOR,M114,17/10/2024,quinta-feira,16:15 - 17:15
UC23200072,DESENVOLVEDOR,M114,17/10/2024,quinta-feira,16:15 - 17:15
UC19102173,DESENVOLVEDOR,M114,17/10/2024,quinta-feira,16:15 - 17:15
UC23100782,DESENVOLVEDOR,M114,17/10/2024,quinta-feira,16:15 - 17:15
UC23101014,DESENVOLVEDOR,M114,17/10/2024,quinta-feira,16:15 - 17:15
UC23200237,DESENVOLVEDOR,M114,17/10/2024,quinta-feira,16:15 - 17:15
UC24101601,DESENVOLVEDOR,M114,17/10/2024,quinta-feira,16:15 - 17:15
UC24102688,DESENVOLVEDOR,M114,17/10/2024,quinta-feira,16:15 - 17:15
UC23101975,DESENVOLVEDOR,M114,17/10/2024,quinta-feira,16:15 - 17:15
UC24202867,DESENVOLVEDOR,M114,17/10/2024,quinta-feira,16:15 - 17:15
UC22101131,DESENVOLVEDOR,M114,17/10/2024,quinta-feira,16:15 - 17:15
UC23100844,DESENVOLVEDOR,M114,17/10/2024,quinta-feira,16:15 - 17:15
UC24202732,DESENVOLVEDOR,M114,17/10/2024,quinta-feira,16:15 - 17:15
UC24202878,DESENVOLVEDOR,M114,17/10/2024,quinta-feira,16:15 - 17:15
UC23102754,DESENVOLVEDOR,M107,18/10/2024,sexta-feira,14:00 - 15:00
UC24101869,DESENVOLVEDOR,M107,18/10/2024,sexta-feira,14:00 - 15:00
UC23101108,DESENVOLVEDOR,M107,18/10/2024,sexta-feira,14:00 - 15:00
UC24102047,DESENVOLVEDOR,M107,18/10/2024,sexta-feira,14:00 - 15:00
UC24101671,DESENVOLVEDOR,M107,18/10/2024,sexta-feira,14:00 - 15:00
UC24101244,DESENVOLVEDOR,M107,18/10/2024,sexta-feira,14:00 - 15:00
UC23102185,DESENVOLVEDOR,M107,18/10/2024,sexta-feira,14:00 - 15:00
UC24101561,DESENVOLVEDOR,M107,18/10/2024,sexta-feira,14:00 - 15:00
UC22100333,DESENVOLVEDOR,M107,18/10/2024,sexta-feira,14:00 - 15:00
UC23102203,DESENVOLVEDOR,M107,18/10/2024,sexta-feira,14:00 - 15:00
UC24101339,DESENVOLVEDOR,M107,18/10/2024,sexta-feira,14:00 - 15:00
UC24101571,DESENVOLVEDOR,M107,18/10/2024,sexta-feira,14:00 - 15:00
UC22200074,DESENVOLVEDOR,M107,18/10/2024,sexta-feira,14:00 - 15:00
UC24102940,DESENVOLVEDOR,M107,18/10/2024,sexta-feira,14:00 - 15:00
UC24101796,DESENVOLVEDOR,M107,18/10/2024,sexta-feira,14:00 - 15:00
UC24200020,DESENVOLVEDOR,M107,18/10/2024,sexta-feira,14:00 - 15:00
UC24101306,DESENVOLVEDOR,M107,18/10/2024,sexta-feira,14:00 - 15:00
UC24100127,DESENVOLVEDOR,M107,18/10/2024,sexta-feira,14:00 - 15:00
UC22201129,DESENVOLVEDOR,M107,18/10/2024,sexta-feira,14:00 - 15:00
UC24200022,DESENVOLVEDOR,M107,18/10/2024,sexta-feira,14:00 - 15:00
UC23200722,DESENVOLVEDOR,M107,18/10/2024,sexta-feira,14:00 - 15:00
UC24102708,DESENVOLVEDOR,M107,18/10/2024,sexta-feira,14:00 - 15:00
UC24102941,DESENVOLVEDOR,M107,18/10/2024,sexta-feira,14:00 - 15:00
UC24102808,DESENVOLVEDOR,M107,18/10/2024,sexta-feira,14:00 - 15:00
UC23101427,DESENVOLVEDOR,M107,18/10/2024,sexta-feira,14:00 - 15:00
UC23101446,DESENVOLVEDOR,M107,18/10/2024,sexta-feira,14:00 - 15:00
UC24200172,DESENVOLVEDOR,M107,18/10/2024,sexta-feira,14:00 - 15:00
UC24102036,DESENVOLVEDOR,M107,18/10/2024,sexta-feira,14:00 - 15:00
UC24202637,DESENVOLVEDOR,M107,18/10/2024,sexta-feira,14:00 - 15:00
UC23100279,DESENVOLVEDOR,M107,18/10/2024,sexta-feira,14:00 - 15:00
UC23200234,DESENVOLVEDOR,M107,18/10/2024,sexta-feira,14:00 - 15:00
UC24102580,DESENVOLVEDOR,M107,18/10/2024,sexta-feira,14:00 - 15:00
UC23420423,DESENVOLVEDOR,M107,18/10/2024,sexta-feira,14:00 - 15:00
UC24100747,DESENVOLVEDOR,M107,18/10/2024,sexta-feira,14:00 - 15:00
UC24428441,DESENVOLVEDOR,M107,18/10/2024,sexta-feira,14:00 - 15:00
UC24100042,DESENVOLVEDOR,M107,18/10/2024,sexta-feira,14:00 - 15:00
UC24100627,DESENVOLVEDOR,M107,18/10/2024,sexta-feira,14:00 - 15:00
UC24102228,DESENVOLVEDOR,M107,18/10/2024,sexta-feira,14:00 - 15:00
UC23201068,DESENVOLVEDOR,M107,18/10/2024,sexta-feira,14:00 - 15:00
UC24102921,DESENVOLVEDOR,M107,18/10/2024,sexta-feira,14:00 - 15:00
UC24429775,DESENVOLVEDOR,M107,18/10/2024,sexta-feira,14:00 - 15:00
UC24101477,DESENVOLVEDOR,M107,18/10/2024,sexta-feira,14:00 - 15:00
UC23101483,DESENVOLVEDOR,M107,18/10/2024,sexta-feira,14:00 - 15:00
UC24103294,DESENVOLVEDOR,M107,18/10/2024,sexta-feira,14:00 - 15:00
UC23103155,DESENVOLVEDOR,M107,18/10/2024,sexta-feira,14:00 - 15:00
UC24202718,DESENVOLVEDOR,M107,18/10/2024,sexta-feira,14:00 - 15:00
UC21106911,DESENVOLVEDOR,M107,18/10/2024,sexta-feira,14:00 - 15:00
UC23200784,DESENVOLVEDOR,M107,18/10/2024,sexta-feira,14:00 - 15:00
UC22100755,DESENVOLVEDOR,M107,18/10/2024,sexta-feira,14:00 - 15:00
UC15100814,DESENVOLVEDOR,M107,18/10/2024,sexta-feira,14:00 - 15:00
UC24202787,DESENVOLVEDOR,M108,18/10/2024,sexta-feira,14:00 - 15:00
UC24201907,DESENVOLVEDOR,M108,18/10/2024,sexta-feira,14:00 - 15:00
UC24102985,DESENVOLVEDOR,M108,18/10/2024,sexta-feira,14:00 - 15:00
UC24201448,DESENVOLVEDOR,M108,18/10/2024,sexta-feira,14:00 - 15:00
UC23200042,DESENVOLVEDOR,M108,18/10/2024,sexta-feira,14:00 - 15:00
UC23421465,DESENVOLVEDOR,M108,18/10/2024,sexta-feira,14:00 - 15:00
UC22100840,DESENVOLVEDOR,M108,18/10/2024,sexta-feira,14:00 - 15:00
UC24202116,DESENVOLVEDOR,M108,18/10/2024,sexta-feira,14:00 - 15:00
UC24103048,DESENVOLVEDOR,M108,18/10/2024,sexta-feira,14:00 - 15:00
UC24200093,DESENVOLVEDOR,M108,18/10/2024,sexta-feira,14:00 - 15:00
UC23101157,DESENVOLVEDOR,M108,18/10/2024,sexta-feira,14:00 - 15:00
UC24103380,DESENVOLVEDOR,M108,18/10/2024,sexta-feira,14:00 - 15:00
UC23101510,DESENVOLVEDOR,M108,18/10/2024,sexta-feira,14:00 - 15:00
UC23102439,DESENVOLVEDOR,M108,18/10/2024,sexta-feira,14:00 - 15:00
UC22200046,DESENVOLVEDOR,M108,18/10/2024,sexta-feira,14:00 - 15:00
UC22201127,DESENVOLVEDOR,M108,18/10/2024,sexta-feira,14:00 - 15:00
UC24101754,DESENVOLVEDOR,M108,18/10/2024,sexta-feira,14:00 - 15:00
UC23100098,DESENVOLVEDOR,M108,18/10/2024,sexta-feira,14:00 - 15:00
UC24100202,DESENVOLVEDOR,M108,18/10/2024,sexta-feira,14:00 - 15:00
UC23100774,DESENVOLVEDOR,M108,18/10/2024,sexta-feira,14:00 - 15:00
UC24102615,DESENVOLVEDOR,M108,18/10/2024,sexta-feira,14:00 - 15:00
UC24202902,DESENVOLVEDOR,M108,18/10/2024,sexta-feira,14:00 - 15:00
UC24101592,DESENVOLVEDOR,M108,18/10/2024,sexta-feira,14:00 - 15:00
UC24101363,DESENVOLVEDOR,M108,18/10/2024,sexta-feira,14:00 - 15:00
UC23200512,DESENVOLVEDOR,M108,18/10/2024,sexta-feira,14:00 - 15:00
UC24429787,DESENVOLVEDOR,M108,18/10/2024,sexta-feira,14:00 - 15:00
UC24202209,DESENVOLVEDOR,M108,18/10/2024,sexta-feira,14:00 - 15:00
UC24103366,DESENVOLVEDOR,M108,18/10/2024,sexta-feira,14:00 - 15:00
UC24202200,DESENVOLVEDOR,M108,18/10/2024,sexta-feira,14:00 - 15:00
UC24200221,DESENVOLVEDOR,M108,18/10/2024,sexta-feira,14:00 - 15:00
UC24103357,DESENVOLVEDOR,M108,18/10/2024,sexta-feira,14:00 - 15:00
UC24200210,DESENVOLVEDOR,M108,18/10/2024,sexta-feira,14:00 - 15:00
UC24102287,DESENVOLVEDOR,M108,18/10/2024,sexta-feira,14:00 - 15:00
UC23200869,DESENVOLVEDOR,M108,18/10/2024,sexta-feira,14:00 - 15:00
UC23102647,DESENVOLVEDOR,M108,18/10/2024,sexta-feira,14:00 - 15:00
UC22201174,DESENVOLVEDOR,M108,18/10/2024,sexta-feira,14:00 - 15:00
UC22200223,DESENVOLVEDOR,M108,18/10/2024,sexta-feira,14:00 - 15:00
UC24100222,DESENVOLVEDOR,M108,18/10/2024,sexta-feira,14:00 - 15:00
UC23101429,DESENVOLVEDOR,M108,18/10/2024,sexta-feira,14:00 - 15:00
UC24101234,DESENVOLVEDOR,M108,18/10/2024,sexta-feira,14:00 - 15:00
UC22201198,DESENVOLVEDOR,M109,18/10/2024,sexta-feira,14:00 - 15:00
UC23102638,DESENVOLVEDOR,M109,18/10/2024,sexta-feira,14:00 - 15:00
UC24100466,DESENVOLVEDOR,M109,18/10/2024,sexta-feira,14:00 - 15:00
UC24422557,DESENVOLVEDOR,M109,18/10/2024,sexta-feira,14:00 - 15:00
UC24101983,DESENVOLVEDOR,M109,18/10/2024,sexta-feira,14:00 - 15:00
UC23101612,DESENVOLVEDOR,M109,18/10/2024,sexta-feira,14:00 - 15:00
UC24102238,DESENVOLVEDOR,M109,18/10/2024,sexta-feira,14:00 - 15:00
UC24102525,DESENVOLVEDOR,M109,18/10/2024,sexta-feira,14:00 - 15:00
UC23101523,DESENVOLVEDOR,M109,18/10/2024,sexta-feira,14:00 - 15:00
UC24102823,DESENVOLVEDOR,M109,18/10/2024,sexta-feira,14:00 - 15:00
UC24100476,DESENVOLVEDOR,M109,18/10/2024,sexta-feira,14:00 - 15:00
UC24102871,DESENVOLVEDOR,M109,18/10/2024,sexta-feira,14:00 - 15:00
UC23101551,DESENVOLVEDOR,M109,18/10/2024,sexta-feira,14:00 - 15:00
UC24201389,DESENVOLVEDOR,M109,18/10/2024,sexta-feira,14:00 - 15:00
UC24101050,DESENVOLVEDOR,M109,18/10/2024,sexta-feira,14:00 - 15:00
UC22100549,DESENVOLVEDOR,M109,18/10/2024,sexta-feira,14:00 - 15:00
UC22200155,DESENVOLVEDOR,M109,18/10/2024,sexta-feira,14:00 - 15:00
UC24200248,DESENVOLVEDOR,M109,18/10/2024,sexta-feira,14:00 - 15:00
UC22200378,DESENVOLVEDOR,M109,18/10/2024,sexta-feira,14:00 - 15:00
UC21105867,DESENVOLVEDOR,M109,18/10/2024,sexta-feira,14:00 - 15:00
UC24200470,DESENVOLVEDOR,M109,18/10/2024,sexta-feira,14:00 - 15:00
UC22201182,DESENVOLVEDOR,M109,18/10/2024,sexta-feira,14:00 - 15:00
UC23102961,DESENVOLVEDOR,M109,18/10/2024,sexta-feira,14:00 - 15:00
UC24200371,DESENVOLVEDOR,M109,18/10/2024,sexta-feira,14:00 - 15:00
UC23200664,DESENVOLVEDOR,M109,18/10/2024,sexta-feira,14:00 - 15:00
UC24100907,DESENVOLVEDOR,M109,18/10/2024,sexta-feira,14:00 - 15:00
UC24200253,DESENVOLVEDOR,M109,18/10/2024,sexta-feira,14:00 - 15:00
UC23100428,DESENVOLVEDOR,M109,18/10/2024,sexta-feira,14:00 - 15:00
UC24102521,DESENVOLVEDOR,M109,18/10/2024,sexta-feira,14:00 - 15:00
UC24200616,DESENVOLVEDOR,M109,18/10/2024,sexta-feira,14:00 - 15:00
UC24201508,DESENVOLVEDOR,M109,18/10/2024,sexta-feira,14:00 - 15:00
UC23100599,DESENVOLVEDOR,M109,18/10/2024,sexta-feira,14:00 - 15:00
UC24100862,DESENVOLVEDOR,M109,18/10/2024,sexta-feira,14:00 - 15:00
UC24102880,DESENVOLVEDOR,M109,18/10/2024,sexta-feira,14:00 - 15:00
UC24103435,DESENVOLVEDOR,M109,18/10/2024,sexta-feira,14:00 - 15:00
UC24100349,DESENVOLVEDOR,M109,18/10/2024,sexta-feira,14:00 - 15:00
UC24101422,DESENVOLVEDOR,M109,18/10/2024,sexta-feira,14:00 - 15:00
UC24201362,DESENVOLVEDOR,M109,18/10/2024,sexta-feira,14:00 - 15:00
UC24102089,DESENVOLVEDOR,M109,18/10/2024,sexta-feira,14:00 - 15:00
UC24102175,DESENVOLVEDOR,M109,18/10/2024,sexta-feira,14:00 - 15:00
UC23100901,DESENVOLVEDOR,M109,18/10/2024,sexta-feira,14:00 - 15:00
UC24428913,DESIGNER,M111,18/10/2024,sexta-feira,14:00 - 15:00
UC23425027,DESIGNER,M111,18/10/2024,sexta-feira,14:00 - 15:00
UC24202876,DESIGNER,M111,18/10/2024,sexta-feira,14:00 - 15:00
UC23200644,DESIGNER,M111,18/10/2024,sexta-feira,14:00 - 15:00
UC24201607,DESIGNER,M111,18/10/2024,sexta-feira,14:00 - 15:00
UC23101095,DESIGNER,M111,18/10/2024,sexta-feira,14:00 - 15:00
UC24101151,DESIGNER,M111,18/10/2024,sexta-feira,14:00 - 15:00
UC24200976,DESIGNER,M111,18/10/2024,sexta-feira,14:00 - 15:00
UC24100038,DESIGNER,M111,18/10/2024,sexta-feira,14:00 - 15:00
UC23102997,DESIGNER,M111,18/10/2024,sexta-feira,14:00 - 15:00
UC23101658,DESIGNER,M111,18/10/2024,sexta-feira,14:00 - 15:00
UC24102221,DESIGNER,M111,18/10/2024,sexta-feira,14:00 - 15:00
UC24202205,DESIGNER,M111,18/10/2024,sexta-feira,14:00 - 15:00
UC23101572,DESIGNER,M111,18/10/2024,sexta-feira,14:00 - 15:00
UC24102902,DESIGNER,M111,18/10/2024,sexta-feira,14:00 - 15:00
UC23200680,DESIGNER,M111,18/10/2024,sexta-feira,14:00 - 15:00
UC24100173,DESIGNER,M111,18/10/2024,sexta-feira,14:00 - 15:00
UC24200990,DESIGNER,M111,18/10/2024,sexta-feira,14:00 - 15:00
UC24101412,DESIGNER,M111,18/10/2024,sexta-feira,14:00 - 15:00
UC21100912,DESIGNER,M111,18/10/2024,sexta-feira,14:00 - 15:00
UC19200582,DESIGNER,M111,18/10/2024,sexta-feira,14:00 - 15:00
UC23102331,DESIGNER,M111,18/10/2024,sexta-feira,14:00 - 15:00
UC24100335,DESIGNER,M111,18/10/2024,sexta-feira,14:00 - 15:00
UC23101062,DESIGNER,M111,18/10/2024,sexta-feira,14:00 - 15:00
UC22100264,DESIGNER,M111,18/10/2024,sexta-feira,14:00 - 15:00
UC20105115,DESIGNER,M111,18/10/2024,sexta-feira,14:00 - 15:00
UC24100188,DESIGNER,M111,18/10/2024,sexta-feira,14:00 - 15:00
UC24101286,DESIGNER,M111,18/10/2024,sexta-feira,14:00 - 15:00
UC22103074,DESIGNER,M111,18/10/2024,sexta-feira,14:00 - 15:00
UC24101491,DESIGNER,M111,18/10/2024,sexta-feira,14:00 - 15:00
UC24200659,DESIGNER,M111,18/10/2024,sexta-feira,14:00 - 15:00
UC24100873,DESIGNER,M111,18/10/2024,sexta-feira,14:00 - 15:00
UC24101287,DESIGNER,M111,18/10/2024,sexta-feira,14:00 - 15:00
UC24200796,DESIGNER,M111,18/10/2024,sexta-feira,14:00 - 15:00
UC24102273,DESIGNER,M111,18/10/2024,sexta-feira,14:00 - 15:00
UC24200449,DESIGNER,M111,18/10/2024,sexta-feira,14:00 - 15:00
UC22100334,DESIGNER,M111,18/10/2024,sexta-feira,14:00 - 15:00
UC24100948,DESIGNER,M111,18/10/2024,sexta-feira,14:00 - 15:00
UC23101424,DESIGNER,M111,18/10/2024,sexta-feira,14:00 - 15:00
UC23101573,DESIGNER,M111,18/10/2024,sexta-feira,14:00 - 15:00
UC22101133,DESIGNER,M111,18/10/2024,sexta-feira,14:00 - 15:00
UC23200192,DESIGNER,M111,18/10/2024,sexta-feira,14:00 - 15:00
UC23102651,DESIGNER,M111,18/10/2024,sexta-feira,14:00 - 15:00
UC24101341,DESIGNER,M111,18/10/2024,sexta-feira,14:00 - 15:00
UC23100706,DESIGNER,M111,18/10/2024,sexta-feira,14:00 - 15:00
UC24201584,DESIGNER,M113,18/10/2024,sexta-feira,14:00 - 15:00
UC23101877,DESIGNER,M113,18/10/2024,sexta-feira,14:00 - 15:00
UC24100508,DESIGNER,M113,18/10/2024,sexta-feira,14:00 - 15:00
UC22100444,DESIGNER,M113,18/10/2024,sexta-feira,14:00 - 15:00
UC24101647,DESIGNER,M113,18/10/2024,sexta-feira,14:00 - 15:00
UC23102963,DESIGNER,M113,18/10/2024,sexta-feira,14:00 - 15:00
UC23201012,DESIGNER,M113,18/10/2024,sexta-feira,14:00 - 15:00
UC23200906,DESIGNER,M113,18/10/2024,sexta-feira,14:00 - 15:00
UC24202941,DESIGNER,M113,18/10/2024,sexta-feira,14:00 - 15:00
UC24200224,DESIGNER,M113,18/10/2024,sexta-feira,14:00 - 15:00
UC23102639,DESIGNER,M113,18/10/2024,sexta-feira,14:00 - 15:00
UC20101068,DESIGNER,M113,18/10/2024,sexta-feira,14:00 - 15:00
UC24103404,DESIGNER,M113,18/10/2024,sexta-feira,14:00 - 15:00
UC24102571,DESIGNER,M113,18/10/2024,sexta-feira,14:00 - 15:00
UC24200620,DESIGNER,M113,18/10/2024,sexta-feira,14:00 - 15:00
UC24102904,DESIGNER,M113,18/10/2024,sexta-feira,14:00 - 15:00
UC24201279,DESIGNER,M113,18/10/2024,sexta-feira,14:00 - 15:00
UC24100259,DESIGNER,M113,18/10/2024,sexta-feira,14:00 - 15:00
UC24202510,DESIGNER,M113,18/10/2024,sexta-feira,14:00 - 15:00
UC24200303,DESIGNER,M113,18/10/2024,sexta-feira,14:00 - 15:00
UC22201175,DESIGNER,M113,18/10/2024,sexta-feira,14:00 - 15:00
UC24102636,DESIGNER,M113,18/10/2024,sexta-feira,14:00 - 15:00
UC23102565,DESIGNER,M113,18/10/2024,sexta-feira,14:00 - 15:00
UC24103419,DESIGNER,M113,18/10/2024,sexta-feira,14:00 - 15:00
UC24102033,DESIGNER,M113,18/10/2024,sexta-feira,14:00 - 15:00
UC24101760,DESIGNER,M113,18/10/2024,sexta-feira,14:00 - 15:00
UC23102273,DESIGNER,M113,18/10/2024,sexta-feira,14:00 - 15:00
UC24102315,DESIGNER,M113,18/10/2024,sexta-feira,14:00 - 15:00
UC23102254,DESIGNER,M113,18/10/2024,sexta-feira,14:00 - 15:00
UC23102231,DESIGNER,M113,18/10/2024,sexta-feira,14:00 - 15:00
UC24100903,DESIGNER,M113,18/10/2024,sexta-feira,14:00 - 15:00
UC24101460,DESIGNER,M113,18/10/2024,sexta-feira,14:00 - 15:00
UC24200047,DESIGNER,M113,18/10/2024,sexta-feira,14:00 - 15:00
UC24100943,DESIGNER,M113,18/10/2024,sexta-feira,14:00 - 15:00
UC23101270,DESIGNER,M113,18/10/2024,sexta-feira,14:00 - 15:00
UC24102085,DESIGNER,M113,18/10/2024,sexta-feira,14:00 - 15:00
UC24200486,DESIGNER,M113,18/10/2024,sexta-feira,14:00 - 15:00
UC20105234,DESIGNER,M113,18/10/2024,sexta-feira,14:00 - 15:00
UC23101491,DESIGNER,M113,18/10/2024,sexta-feira,14:00 - 15:00
UC24100243,DESIGNER,M113,18/10/2024,sexta-feira,14:00 - 15:00
UC23100746,DESIGNER,M113,18/10/2024,sexta-feira,14:00 - 15:00
UC24200618,DESIGNER,M113,18/10/2024,sexta-feira,14:00 - 15:00
UC24200063,DESIGNER,M113,18/10/2024,sexta-feira,14:00 - 15:00
UC23100631,DESIGNER,M113,18/10/2024,sexta-feira,14:00 - 15:00
UC24201879,DESIGNER,M113,18/10/2024,sexta-feira,14:00 - 15:00
UC22200736,DESIGNER,M114,18/10/2024,sexta-feira,14:00 - 15:00
UC24100849,DESIGNER,M114,18/10/2024,sexta-feira,14:00 - 15:00
UC24202867,DESIGNER,M114,18/10/2024,sexta-feira,14:00 - 15:00
UC23200994,DESIGNER,M114,18/10/2024,sexta-feira,14:00 - 15:00
UC24100031,DESIGNER,M114,18/10/2024,sexta-feira,14:00 - 15:00
UC23100360,DESIGNER,M114,18/10/2024,sexta-feira,14:00 - 15:00
UC23102804,DESIGNER,M114,18/10/2024,sexta-feira,14:00 - 15:00
UC23102986,DESIGNER,M114,18/10/2024,sexta-feira,14:00 - 15:00
UC23101014,DESIGNER,M114,18/10/2024,sexta-feira,14:00 - 15:00
UC24200454,DESIGNER,M114,18/10/2024,sexta-feira,14:00 - 15:00
UC24202502,DESIGNER,M114,18/10/2024,sexta-feira,14:00 - 15:00
UC24101541,DESIGNER,M114,18/10/2024,sexta-feira,14:00 - 15:00
UC24100036,DESIGNER,M114,18/10/2024,sexta-feira,14:00 - 15:00
UC22200697,DESIGNER,M114,18/10/2024,sexta-feira,14:00 - 15:00
UC23200227,DESIGNER,M114,18/10/2024,sexta-feira,14:00 - 15:00
UC23200558,DESIGNER,M114,18/10/2024,sexta-feira,14:00 - 15:00
UC24100080,DESIGNER,M114,18/10/2024,sexta-feira,14:00 - 15:00
UC23102060,DESIGNER,M114,18/10/2024,sexta-feira,14:00 - 15:00
UC23100290,DESIGNER,M114,18/10/2024,sexta-feira,14:00 - 15:00
UC24100336,DESIGNER,M114,18/10/2024,sexta-feira,14:00 - 15:00
UC23201132,DESIGNER,M114,18/10/2024,sexta-feira,14:00 - 15:00
UC23200970,DESIGNER,M114,18/10/2024,sexta-feira,14:00 - 15:00
UC24202792,DESIGNER,M114,18/10/2024,sexta-feira,14:00 - 15:00
UC24103253,DESIGNER,M114,18/10/2024,sexta-feira,14:00 - 15:00
UC24200586,DESIGNER,M114,18/10/2024,sexta-feira,14:00 - 15:00
UC24200442,DESIGNER,M114,18/10/2024,sexta-feira,14:00 - 15:00
UC23200072,DESIGNER,M114,18/10/2024,sexta-feira,14:00 - 15:00
